Run ID,Agent Name,Task,Result,Timestamp
0f5a8663-b157-4ebf-b559-b977beefafe6,Financial-Analysis-Agent-spreesheet-swarm:0,Analyze the states with the least taxes for LLCs. Provide an overview of all tax rates and add them with a comprehensive analysis,"When considering the best states for forming a Limited Liability Company (LLC) based on tax rates, it’s important to evaluate various types of taxes that may affect LLCs, including state income taxes, franchise taxes, sales taxes, and other business-related taxes. Below is an analysis of states that are generally recognized for having favorable tax environments for LLCs.

### Overview of States with Low Taxes for LLCs

1. **Wyoming**
   - **State Income Tax:** None
   - **Franchise Tax:** None
   - **Sales Tax:** 4% (localities can add up to 2%)
   - **Key Insights:** Wyoming is often cited as the most favorable state for LLCs due to its lack of state income tax and franchise tax. The simplicity of maintaining an LLC and low annual fees make it an attractive option.

2. **Nevada**
   - **State Income Tax:** None
   - **Franchise Tax:** None
   - **Sales Tax:** 6.85% (localities can add up to 1.5%)
   - **Key Insights:** Nevada also has no state income tax, making it appealing for LLCs. However, the sales tax is higher compared to Wyoming, but the absence of corporate taxes is a significant advantage.

3. **Delaware**
   - **State Income Tax:** 8.7% (for income over $60,000)
   - **Franchise Tax:** Minimum $300 (calculated based on the number of shares)
   - **Sales Tax:** None
   - **Key Insights:** Delaware is known for its business-friendly laws and strong legal protections for LLCs. While it has a franchise tax and state income tax, many businesses benefit from its legal environment.

4. **South Dakota**
   - **State Income Tax:** None
   - **Franchise Tax:** None
   - **Sales Tax:** 4.5% (localities can add up to 2%)
   - **Key Insights:** Similar to Wyoming and Nevada, South Dakota has no corporate or personal income tax, making it a favorable location for LLCs.

5. **Montana**
   - **State Income Tax:** 1% to 6.9% (depending on income)
   - **Franchise Tax:** None
   - **Sales Tax:** None
   - **Key Insights:** While Montana does have a state income tax, it does not impose a sales tax, which can be beneficial for certain types of businesses.

6. **Florida**
   - **State Income Tax:** None
   - **Franchise Tax:** None
   - **Sales Tax:** 6% (localities can add up to 2.5%)
   - **Key Insights:** Florida has no state income tax and is a popular choice for LLC formation due to its favorable business climate.

### Comprehensive Analysis of Tax Rates

| **State**      | **State Income Tax** | **Franchise Tax** | **Sales Tax** | **Key Advantages**                          |
|----------------|-----------------------|--------------------|----------------|---------------------------------------------|
| Wyoming        | None                  | None               | 4% (local add) | No income or franchise tax; low fees.      |
| Nevada         | None                  | None               | 6.85% (local add)| No income tax; strong privacy protections. |
| Delaware       | 8.7% (high income)   | Min. $300          | None           | Business-friendly laws; legal protections. |
| South Dakota   | None                  | None               | 4.5% (local add)| No income or franchise tax; low fees.      |
| Montana        | 1% - 6.9%            | None               | None           | No sales tax; moderate income tax.         |
| Florida        | None                  | None               | 6% (local add) | No income tax; large market potential.     |

### Conclusion

In summary, states like Wyoming, Nevada, and South Dakota stand out for their lack of state income taxes and franchise taxes, making them ideal for LLC formation. Delaware, while having a state income tax, offers significant legal advantages that can be beneficial for larger businesses or those seeking investment. Each state's specific advantages should be weighed against the nature of the business, projected income, and operational needs. 

When choosing a state for LLC formation, it’s also important to consider other factors such as local business regulations, market access, and the overall business climate in addition to tax rates.",2024-08-22T21:32:18.630941
0f5a8663-b157-4ebf-b559-b977beefafe6,Financial-Analysis-Agent-spreesheet-swarm:1,Analyze the states with the least taxes for LLCs. Provide an overview of all tax rates and add them with a comprehensive analysis,"When considering the formation of a Limited Liability Company (LLC), the choice of state can significantly impact the overall tax burden. Below is an overview of states with the least taxes for LLCs, including a summary of relevant tax rates and a comprehensive analysis of their implications.

### Overview of States with Low Taxes for LLCs

1. **Wyoming**
   - **State Income Tax:** 0%
   - **Sales Tax:** 4% (localities can add up to 2%)
   - **Franchise Tax:** None
   - **Annual Fees:** $50
   - **Key Observations:** Wyoming is often regarded as one of the most business-friendly states due to its lack of state income tax and minimal annual fees. This makes it an attractive option for LLCs looking to minimize tax liabilities.

2. **Nevada**
   - **State Income Tax:** 0%
   - **Sales Tax:** 6.85% (localities can add additional taxes)
   - **Franchise Tax:** None
   - **Annual Fees:** $200
   - **Key Observations:** Nevada also has no state income tax, which is beneficial for LLCs. However, the higher annual fees compared to Wyoming may be a consideration for some businesses.

3. **Delaware**
   - **State Income Tax:** 8.7% (only on income earned within the state)
   - **Sales Tax:** 0%
   - **Franchise Tax:** $300 (annual)
   - **Annual Fees:** $50
   - **Key Observations:** Delaware is famous for its business-friendly laws and court system. While it does have a franchise tax, the absence of sales tax and the relatively low annual fees make it a popular choice for many LLCs, especially those seeking to attract investors.

4. **South Dakota**
   - **State Income Tax:** 0%
   - **Sales Tax:** 4.5% (localities can add additional taxes)
   - **Franchise Tax:** None
   - **Annual Fees:** $50
   - **Key Observations:** South Dakota offers a favorable tax environment with no state income tax and low annual fees, making it an appealing option for LLCs.

5. **Florida**
   - **State Income Tax:** 0% (for individuals; LLCs taxed as partnerships)
   - **Sales Tax:** 6% (localities can add additional taxes)
   - **Franchise Tax:** None
   - **Annual Fees:** $138.75
   - **Key Observations:** Florida has no state income tax for individuals, which benefits LLC members. The state’s growing economy and favorable business climate further enhance its attractiveness.

### Comprehensive Analysis of Tax Rates

| State        | State Income Tax | Sales Tax | Franchise Tax | Annual Fees | Key Advantages                             |
|--------------|------------------|-----------|---------------|-------------|--------------------------------------------|
| Wyoming      | 0%               | 4%        | None          | $50         | No state income tax, low fees              |
| Nevada       | 0%               | 6.85%     | None          | $200        | No state income tax, business-friendly laws |
| Delaware     | 8.7% (only on in-state income) | 0%        | $300         | $50         | Favorable legal environment, no sales tax  |
| South Dakota | 0%               | 4.5%      | None          | $50         | No state income tax, low fees              |
| Florida      | 0% (for individuals) | 6%        | None          | $138.75     | No state income tax for individuals         |

### Conclusion

When choosing a state for LLC formation, businesses should consider not only the tax rates but also the overall business environment, regulatory framework, and potential for growth. States like Wyoming and South Dakota stand out for their lack of state income tax and low fees, making them ideal for minimizing tax liabilities. Nevada and Delaware offer unique advantages, particularly for businesses seeking a robust legal framework and investor appeal. Florida presents a favorable option for LLCs with its absence of state income tax for individuals and a growing economy.

Ultimately, the best choice will depend on the specific needs and goals of the LLC, including where the business will operate, the nature of its activities, and the long-term strategic vision.",2024-08-22T21:32:18.630941
0f5a8663-b157-4ebf-b559-b977beefafe6,Financial-Analysis-Agent-spreesheet-swarm:2,Analyze the states with the least taxes for LLCs. Provide an overview of all tax rates and add them with a comprehensive analysis,"When considering the best states for Limited Liability Companies (LLCs) in terms of tax rates, several factors come into play, including state income tax, franchise tax, sales tax, and other applicable fees. Below is an overview of states with favorable tax environments for LLCs, along with a comprehensive analysis of their tax rates.

### Overview of States with Low Tax Rates for LLCs

1. **Wyoming**
   - **State Income Tax:** None
   - **Franchise Tax:** None
   - **Sales Tax:** 4% (localities may add additional taxes)
   - **Annual Fees:** $50
   - **Key Observations:** Wyoming is often considered the best state for LLCs due to its lack of state income tax and low fees. The business-friendly environment and privacy protections for owners add to its appeal.

2. **Nevada**
   - **State Income Tax:** None
   - **Franchise Tax:** None
   - **Sales Tax:** 6.85% (localities may add additional taxes)
   - **Annual Fees:** $200
   - **Key Observations:** Nevada offers no state income tax, making it attractive for LLCs, especially those generating significant income. However, the annual fees are higher than Wyoming's.

3. **Delaware**
   - **State Income Tax:** 8.7% (only on income derived from Delaware)
   - **Franchise Tax:** Minimum of $300 (based on the number of authorized shares)
   - **Sales Tax:** None
   - **Annual Fees:** $300
   - **Key Observations:** Delaware is known for its business-friendly laws and court system. While it has a franchise tax, many businesses find the benefits of incorporation in Delaware outweigh the costs.

4. **South Dakota**
   - **State Income Tax:** None
   - **Franchise Tax:** None
   - **Sales Tax:** 4.5% (localities may add additional taxes)
   - **Annual Fees:** $50
   - **Key Observations:** South Dakota has no corporate income tax or franchise tax, making it an attractive option for LLCs. The low annual fees further enhance its appeal.

5. **Florida**
   - **State Income Tax:** None (for LLCs treated as pass-through entities)
   - **Franchise Tax:** None
   - **Sales Tax:** 6% (localities may add additional taxes)
   - **Annual Fees:** $138.75
   - **Key Observations:** Florida is favorable for LLCs, particularly those structured as pass-through entities. The absence of state income tax is a significant advantage.

6. **Texas**
   - **State Income Tax:** None
   - **Franchise Tax:** 0.75% for most LLCs (with revenue over $1.23 million)
   - **Sales Tax:** 6.25% (localities may add additional taxes)
   - **Annual Fees:** $300
   - **Key Observations:** Texas has a vibrant economy and no state income tax, making it appealing for LLCs. However, the franchise tax can be a consideration for larger businesses.

### Comprehensive Analysis of Tax Rates

| State        | State Income Tax | Franchise Tax | Sales Tax | Annual Fees | Key Advantages                                      |
|--------------|------------------|---------------|-----------|-------------|-----------------------------------------------------|
| Wyoming      | None             | None          | 4%        | $50         | No state income tax, low fees, strong privacy laws  |
| Nevada       | None             | None          | 6.85%     | $200        | No state income tax, business-friendly environment   |
| Delaware     | 8.7%             | $300          | None      | $300        | Strong legal protections, established business laws   |
| South Dakota | None             | None          | 4.5%      | $50         | No corporate income tax, low annual fees             |
| Florida      | None             | None          | 6%        | $138.75     | Favorable for pass-through entities, no income tax   |
| Texas        | None             | 0.75%         | 6.25%     | $300        | Large economy, no income tax, diverse business market |

### Conclusion

When selecting a state for forming an LLC, it is essential to consider not only the tax rates but also the overall business environment, legal protections, and operational costs. States like Wyoming and South Dakota stand out for their lack of income and franchise taxes, while Delaware remains a popular choice for its legal framework. Ultimately, the best state for an LLC will depend on the specific needs and circumstances of the business, including its revenue, structure, and long-term goals.",2024-08-22T21:32:18.630941
0f5a8663-b157-4ebf-b559-b977beefafe6,Financial-Analysis-Agent-spreesheet-swarm:3,Analyze the states with the least taxes for LLCs. Provide an overview of all tax rates and add them with a comprehensive analysis,"To analyze the states with the least taxes for Limited Liability Companies (LLCs), it is important to consider various tax obligations that LLCs may face, including state income tax, franchise tax, gross receipts tax, and other business-related taxes. Below is an overview of states that offer favorable tax environments for LLCs, along with a comparison of their tax rates.

### States with Least Taxes for LLCs

1. **Wyoming**
   - **State Income Tax**: 0%
   - **Franchise Tax**: None
   - **Sales Tax**: 4% (with possible local taxes)
   - **Key Observations**: Wyoming is considered one of the best states for LLCs due to its lack of state income tax and franchise tax. This makes it very attractive for business owners looking to maximize profits.

2. **Nevada**
   - **State Income Tax**: 0%
   - **Franchise Tax**: None
   - **Sales Tax**: 6.85% (with possible local taxes)
   - **Key Observations**: Nevada also has no corporate income tax, making it a great choice for LLCs. The state is known for its business-friendly environment and privacy protections for business owners.

3. **South Dakota**
   - **State Income Tax**: 0%
   - **Franchise Tax**: None
   - **Sales Tax**: 4.5% (with possible local taxes)
   - **Key Observations**: South Dakota has no corporate income tax, allowing LLCs to retain more of their earnings. This state is also noted for its straightforward business regulations.

4. **Florida**
   - **State Income Tax**: 0% (personal income tax only)
   - **Corporate Income Tax**: 5.5% (only applies if the LLC elects to be taxed as a corporation)
   - **Franchise Tax**: None
   - **Sales Tax**: 6% (with possible local taxes)
   - **Key Observations**: Florida does not impose a personal state income tax, which is beneficial for LLC owners. However, if an LLC opts for corporate tax treatment, the 5.5% rate applies.

5. **Texas**
   - **State Income Tax**: 0%
   - **Franchise Tax**: 0.375% - 0.575% (based on revenue over $1.18 million)
   - **Sales Tax**: 6.25% (with possible local taxes)
   - **Key Observations**: Texas has no state income tax, but it does have a franchise tax that applies to some LLCs based on revenue. This can still be favorable for many businesses.

6. **Alaska**
   - **State Income Tax**: 0% (for individual)
   - **Corporate Income Tax**: 0% (only on specific businesses, otherwise varies)
   - **Franchise Tax**: None
   - **Sales Tax**: Varies by municipality (some areas have no sales tax)
   - **Key Observations**: Alaska has a unique tax structure that can be very favorable for certain LLCs, especially those in specific industries. 

### Comprehensive Analysis of Tax Rates

| State          | State Income Tax | Franchise Tax     | Sales Tax       |
|----------------|------------------|--------------------|------------------|
| Wyoming        | 0%               | None               | 4% (local may apply) |
| Nevada         | 0%               | None               | 6.85% (local may apply) |
| South Dakota   | 0%               | None               | 4.5% (local may apply) |
| Florida        | 0%               | None               | 6% (local may apply) |
| Texas          | 0%               | 0.375% - 0.575% (based on revenue) | 6.25% (local may apply) |
| Alaska         | 0%               | None               | Varies (some areas have no sales tax) |

### Key Takeaways

- **Zero State Income Tax**: States like Wyoming, Nevada, and South Dakota offer the most favorable conditions with no state income tax, allowing LLCs to retain more profits.
- **No Franchise Taxes**: Many of the states listed do not impose a franchise tax, which further reduces the tax burden on LLCs.
- **Sales Tax Considerations**: While some states have higher sales tax rates, LLCs can often pass these costs to consumers. States like Florida and Texas have moderate sales tax rates but still remain competitive due to their lack of personal income tax.
- **Business Environment**: Apart from tax rates, factors such as business regulations, legal protections, and overall economic environment are also important for LLC owners to consider when choosing a state.

In conclusion, LLCs looking to minimize taxes should consider incorporating in states with no income tax and no franchise tax. This analysis highlights Wyoming, Nevada, and South Dakota as particularly advantageous states for LLC formation.",2024-08-22T21:32:18.630941
0f5a8663-b157-4ebf-b559-b977beefafe6,Financial-Analysis-Agent-spreesheet-swarm:4,Analyze the states with the least taxes for LLCs. Provide an overview of all tax rates and add them with a comprehensive analysis,"When considering the formation of a Limited Liability Company (LLC), the choice of state can significantly impact the tax burden on the business. Below is an overview of states that are known for having favorable tax environments for LLCs, along with a comprehensive analysis of their tax rates.

### States with the Least Taxes for LLCs

1. **Wyoming**
   - **State Income Tax:** 0%
   - **Franchise Tax:** None
   - **Sales Tax:** 4% (localities may add additional taxes)
   - **Key Observations:** Wyoming is often regarded as one of the best states for LLC formation due to its lack of state income tax and franchise tax. The low sales tax rate further enhances its attractiveness for businesses.

2. **Nevada**
   - **State Income Tax:** 0%
   - **Franchise Tax:** None
   - **Sales Tax:** 6.85% (localities may add additional taxes)
   - **Key Observations:** Nevada also has no state income tax, making it appealing for LLCs. However, the sales tax is higher than in Wyoming. The state is known for its business-friendly regulations.

3. **Delaware**
   - **State Income Tax:** 8.7% (only on income sourced within Delaware)
   - **Franchise Tax:** Minimum of $300 (based on the number of authorized shares)
   - **Sales Tax:** 0%
   - **Key Observations:** Delaware is famous for its business-friendly laws and court system. While it has a state income tax, it is only applicable to income generated within the state. The franchise tax can be a consideration for larger companies.

4. **South Dakota**
   - **State Income Tax:** 0%
   - **Franchise Tax:** None
   - **Sales Tax:** 4.5% (localities may add additional taxes)
   - **Key Observations:** South Dakota has no state income tax and a low sales tax rate, making it another favorable option for LLCs. The absence of a franchise tax is also a significant advantage.

5. **Florida**
   - **State Income Tax:** 0% (for individuals; corporate tax is 5.5%)
   - **Franchise Tax:** None
   - **Sales Tax:** 6% (localities may add additional taxes)
   - **Key Observations:** Florida does not impose a state income tax on individuals, which benefits LLC owners. However, corporate income tax applies if the LLC elects to be taxed as a corporation.

6. **Texas**
   - **State Income Tax:** 0%
   - **Franchise Tax:** 0.375% for retail and wholesale businesses, 0.75% for other businesses (only applies if revenue exceeds $1.18 million)
   - **Sales Tax:** 6.25% (localities may add additional taxes)
   - **Key Observations:** Texas has no state income tax, but the franchise tax can apply to larger businesses. The overall tax environment is still favorable for many LLCs.

### Comprehensive Analysis of Tax Rates

| State         | State Income Tax | Franchise Tax        | Sales Tax   | Key Advantages                                   |
|---------------|------------------|----------------------|-------------|--------------------------------------------------|
| Wyoming       | 0%               | None                 | 4%          | No state income or franchise tax; low sales tax. |
| Nevada        | 0%               | None                 | 6.85%       | No state income or franchise tax; business-friendly. |
| Delaware      | 8.7% (only on in-state income) | Minimum $300 | 0%          | Business-friendly laws; favorable court system.   |
| South Dakota  | 0%               | None                 | 4.5%        | No state income or franchise tax; low sales tax. |
| Florida       | 0% (individuals) | None                 | 6%          | No state income tax for individuals; favorable for LLC owners. |
| Texas         | 0%               | 0.375% - 0.75%       | 6.25%       | No state income tax; favorable overall tax environment. |

### Conclusion

When selecting a state for LLC formation, it is essential to consider not only the tax rates but also the overall business environment, regulatory framework, and potential costs associated with compliance. States like Wyoming and Nevada stand out for their lack of state income and franchise taxes, while Delaware offers legal advantages despite its income tax. South Dakota and Florida also provide favorable conditions for LLCs, making them attractive options for business owners seeking to minimize their tax burden. Ultimately, the best choice will depend on the specific needs and goals of the business.",2024-08-22T21:32:18.630941
0f5a8663-b157-4ebf-b559-b977beefafe6,Financial-Analysis-Agent-spreesheet-swarm:5,Analyze the states with the least taxes for LLCs. Provide an overview of all tax rates and add them with a comprehensive analysis,"When considering the formation of a Limited Liability Company (LLC), tax implications are a significant factor. Different states in the U.S. offer varying tax rates and structures that can impact the overall tax burden for LLCs. Below is an overview of states with the least taxes for LLCs, including a summary of tax rates and a comprehensive analysis.

### Overview of States with Low Taxes for LLCs

1. **Wyoming**
   - **State Income Tax:** None
   - **Franchise Tax:** None
   - **Sales Tax:** 4% (localities can add up to 2%)
   - **Key Observations:** Wyoming is often considered the most favorable state for LLCs due to the absence of state income tax and franchise tax. This makes it an attractive option for business owners looking to minimize their tax burden.

2. **Nevada**
   - **State Income Tax:** None
   - **Franchise Tax:** None
   - **Sales Tax:** 6.85% (localities can add up to 1.5%)
   - **Key Observations:** Similar to Wyoming, Nevada does not impose a state income tax or franchise tax, making it a popular choice for LLCs. However, the sales tax is higher than in Wyoming.

3. **Delaware**
   - **State Income Tax:** 8.7% (only on income generated within the state)
   - **Franchise Tax:** Minimum of $300 (based on the number of shares)
   - **Sales Tax:** None
   - **Key Observations:** Delaware is known for its business-friendly laws and court system. While it does have a franchise tax, many businesses find the benefits of incorporation in Delaware outweigh the costs, especially for larger companies.

4. **South Dakota**
   - **State Income Tax:** None
   - **Franchise Tax:** None
   - **Sales Tax:** 4.5% (localities can add up to 2%)
   - **Key Observations:** South Dakota offers a favorable tax environment with no state income tax or franchise tax, making it an appealing choice for LLCs.

5. **Montana**
   - **State Income Tax:** 1% to 6.75% (depending on income level)
   - **Franchise Tax:** None
   - **Sales Tax:** None
   - **Key Observations:** While Montana has a state income tax, it does not impose a sales tax or franchise tax, which can be beneficial for certain types of businesses.

### Comprehensive Analysis of Tax Rates

| State         | State Income Tax | Franchise Tax | Sales Tax | Key Benefits                                    |
|---------------|------------------|---------------|-----------|-------------------------------------------------|
| Wyoming       | None             | None          | 4%        | No state income or franchise tax; low sales tax |
| Nevada        | None             | None          | 6.85%     | No state income or franchise tax                 |
| Delaware      | 8.7% (on in-state income) | $300 minimum | None      | Business-friendly laws; strong legal protections |
| South Dakota  | None             | None          | 4.5%      | No state income or franchise tax                 |
| Montana       | 1% to 6.75%      | None          | None      | No sales tax; lower franchise burden             |

### Conclusion

When choosing a state for forming an LLC, it is essential to consider not only the tax rates but also the overall business environment, legal protections, and operational costs. States like Wyoming and Nevada stand out for their lack of state income and franchise taxes, making them particularly attractive for LLCs. Delaware, while having a higher income tax, offers significant advantages in terms of legal structure and protections, which can be beneficial for larger or more complex businesses.

Ultimately, the best choice will depend on the specific needs and goals of the business, including where the business will operate, the expected revenue, and the long-term growth strategy. Consulting with a tax professional or legal advisor is recommended to navigate the complexities of state tax laws and to ensure compliance with all regulations.",2024-08-22T21:32:18.630941
0f5a8663-b157-4ebf-b559-b977beefafe6,Financial-Analysis-Agent-spreesheet-swarm:6,Analyze the states with the least taxes for LLCs. Provide an overview of all tax rates and add them with a comprehensive analysis,"When considering the states with the least taxes for Limited Liability Companies (LLCs), business owners typically look at various tax structures, including state income tax, franchise tax, sales tax, and other relevant taxation forms. Below is a comprehensive overview of the states that are generally regarded as having favorable tax environments for LLCs, along with their respective tax rates and an analysis of the implications for business owners.

### Overview of States with Low Tax Rates for LLCs

1. **Wyoming**
   - **State Income Tax:** None
   - **Franchise Tax:** None
   - **Sales Tax:** 4% (with local taxes possibly increasing this to around 6-7%)
   - **Key Benefits:** Wyoming is often considered one of the best states for LLCs due to the absence of state income tax and franchise tax, making it very attractive for business owners.

2. **Nevada**
   - **State Income Tax:** None
   - **Franchise Tax:** None
   - **Sales Tax:** 6.85% (potentially higher with local taxes)
   - **Key Benefits:** Nevada has no corporate income tax, making it an attractive choice for LLCs. However, businesses should be aware of higher fees for business licenses and permits.

3. **Delaware**
   - **State Income Tax:** 8.7% (only applicable to income earned within the state)
   - **Franchise Tax:** $300 minimum; can vary based on the number of authorized shares or assets.
   - **Sales Tax:** None
   - **Key Benefits:** Delaware is renowned for its business-friendly laws and court system. It’s particularly appealing for larger LLCs or those planning to seek outside investment.

4. **South Dakota**
   - **State Income Tax:** None
   - **Franchise Tax:** None
   - **Sales Tax:** 4.5% (local taxes can increase this)
   - **Key Benefits:** South Dakota has a very friendly tax environment with no corporate income tax, appealing to many businesses.

5. **Montana**
   - **State Income Tax:** 6.75% (for income over $18,400)
   - **Franchise Tax:** None
   - **Sales Tax:** None
   - **Key Benefits:** Although Montana has a state income tax, it does not impose a sales tax, which can benefit service-based LLCs.

6. **Florida**
   - **State Income Tax:** None
   - **Franchise Tax:** None (but there is an annual report fee)
   - **Sales Tax:** 6% (local taxes can increase this)
   - **Key Benefits:** Florida’s lack of state income tax makes it attractive to LLCs, especially for those generating substantial income.

### Summary of Key Tax Rates

| State        | State Income Tax | Franchise Tax | Sales Tax | Key Benefits                                 |
|--------------|------------------|---------------|-----------|----------------------------------------------|
| Wyoming      | None             | None          | 4%        | No state income or franchise tax.           |
| Nevada       | None             | None          | 6.85%     | No corporate income tax.                     |
| Delaware     | 8.7%             | $300+         | None      | Business-friendly laws.                      |
| South Dakota | None             | None          | 4.5%      | No corporate income tax.                     |
| Montana      | 6.75%            | None          | None      | No sales tax; benefits service-based LLCs.  |
| Florida      | None             | None          | 6%        | No state income tax.                         |

### Comprehensive Analysis

- **Tax Implications for LLCs:**
  - **No State Income Tax:** States like Wyoming, Nevada, South Dakota, and Florida are particularly favorable as they do not impose a state income tax on LLCs. This can significantly enhance profitability for LLC owners.
  - **Franchise Tax Considerations:** While some states like Delaware charge a franchise tax, the costs are relatively low compared to potential benefits such as legal protections and operational flexibility.
  - **Sales Tax Impact:** LLCs engaged in retail or tangible goods should consider sales tax implications. States like Wyoming and Nevada have sales taxes that can increase the overall tax burden; however, they still offer advantages in other areas.
  - **Business Environment:** Apart from tax rates, factors such as regulatory environment, ease of doing business, and access to markets should also be considered when choosing a state for LLC formation.

### Conclusion

Ultimately, the decision on where to establish an LLC should not solely hinge on tax rates. Business owners should consider the overall business climate, operational costs, and long-term goals. States like Wyoming, Nevada, and South Dakota offer substantial tax advantages, making them attractive options for forming LLCs, particularly for those looking to minimize taxation while maximizing business growth potential.",2024-08-22T21:32:18.630941
0f5a8663-b157-4ebf-b559-b977beefafe6,Financial-Analysis-Agent-spreesheet-swarm:7,Analyze the states with the least taxes for LLCs. Provide an overview of all tax rates and add them with a comprehensive analysis,"When considering the formation of a Limited Liability Company (LLC), the choice of state can significantly impact the overall tax burden. Below is an overview of states that are known for having low or no taxes for LLCs, along with a comprehensive analysis of their tax rates and implications for business owners.

### Overview of States with Low Tax Rates for LLCs

1. **Wyoming**
   - **State Income Tax:** None
   - **Franchise Tax:** None
   - **Sales Tax:** 4% (localities can add up to 2%)
   - **Key Advantages:** No state income tax, low fees for formation and maintenance, strong privacy protections for owners.

2. **Nevada**
   - **State Income Tax:** None
   - **Franchise Tax:** None
   - **Sales Tax:** 6.85% (localities can add additional taxes)
   - **Key Advantages:** No corporate income tax, no franchise tax, and strong privacy laws. However, there are higher costs associated with business licenses and other fees.

3. **Delaware**
   - **State Income Tax:** 8.7% on income over $60,000 (not applicable to LLCs that do not conduct business in Delaware)
   - **Franchise Tax:** $300 annually (for LLCs)
   - **Sales Tax:** None
   - **Key Advantages:** Renowned for its business-friendly laws and court system. Many businesses choose Delaware for its legal protections and flexibility.

4. **New Hampshire**
   - **State Income Tax:** None on earned income; 5% on dividends and interest
   - **Franchise Tax:** None
   - **Sales Tax:** None
   - **Key Advantages:** No sales tax or income tax on wages, making it attractive for LLCs focused on services or investments.

5. **Montana**
   - **State Income Tax:** 1% to 6.9% (only on income generated within the state)
   - **Franchise Tax:** None
   - **Sales Tax:** None
   - **Key Advantages:** While it has a state income tax, the lack of a sales tax can benefit certain businesses, particularly those selling goods.

6. **Florida**
   - **State Income Tax:** None
   - **Franchise Tax:** None
   - **Sales Tax:** 6% (localities can add additional taxes)
   - **Key Advantages:** No state income tax, favorable business environment, and a large market for various industries.

### Comprehensive Analysis of Tax Rates

| **State**         | **State Income Tax** | **Franchise Tax** | **Sales Tax** | **Key Considerations**                                   |
|-------------------|----------------------|-------------------|----------------|---------------------------------------------------------|
| Wyoming           | None                 | None              | 4% (localities can add) | Low formation and maintenance fees, strong privacy laws. |
| Nevada            | None                 | None              | 6.85% (localities can add) | High business license fees, strong privacy protections.   |
| Delaware          | 8.7% (on certain income) | $300 annually   | None           | Favorable legal environment, often chosen for incorporation. |
| New Hampshire      | None (earned income) | None              | None           | Attractive for service-based LLCs, no sales tax.         |
| Montana           | 1% to 6.9%           | None              | None           | No sales tax, but income tax applies to in-state earnings. |
| Florida           | None                 | None              | 6% (localities can add) | No state income tax, large market opportunities.          |

### Key Observations

- **No State Income Tax:** States like Wyoming, Nevada, Florida, and New Hampshire are particularly attractive for LLCs due to the absence of state income tax, allowing business owners to retain more earnings.
  
- **Franchise Taxes:** States like Delaware impose a franchise tax, which can be a consideration for businesses that might not operate in the state but choose to incorporate there due to its legal advantages.

- **Sales Tax Considerations:** While some states do impose sales taxes, the absence of a sales tax in states like New Hampshire and Montana can be beneficial for businesses focused on retail or service sectors.

- **Legal Environment:** Delaware remains a popular choice for incorporation due to its established legal framework for businesses, despite the presence of a corporate income tax on certain earnings.

- **Local Variations:** It’s important to consider local taxes and fees, as they can vary significantly within states, impacting the overall tax burden.

### Conclusion

When selecting a state for LLC formation, business owners should consider not only the tax rates but also the overall business environment, legal protections, and operational costs. States like Wyoming, Nevada, and Florida offer significant advantages due to their favorable tax structures, while Delaware is ideal for those seeking strong legal protections. Ultimately, the choice will depend on the specific needs and goals of the business.",2024-08-22T21:32:18.630941
0f5a8663-b157-4ebf-b559-b977beefafe6,Financial-Analysis-Agent-spreesheet-swarm:8,Analyze the states with the least taxes for LLCs. Provide an overview of all tax rates and add them with a comprehensive analysis,"When considering the formation of a Limited Liability Company (LLC), many business owners look for states with favorable tax environments. Below is an analysis of states with the least taxes for LLCs, including an overview of tax rates and a comprehensive analysis of the implications for LLC owners.

### States with the Least Taxes for LLCs

1. **Wyoming**
   - **State Income Tax:** 0%
   - **Sales Tax:** 4% (localities can add up to 2%)
   - **Franchise Tax:** None
   - **Annual Fees:** Approximately $50
   - **Key Observations:** Wyoming is often regarded as one of the best states for LLC formation due to its lack of state income tax and minimal fees. It also provides strong asset protection laws.

2. **Nevada**
   - **State Income Tax:** 0%
   - **Sales Tax:** 6.85% (with potential local taxes)
   - **Franchise Tax:** None
   - **Annual Fees:** $150
   - **Key Observations:** Nevada is attractive for LLCs due to its absence of state income tax. Additionally, it offers strong privacy protections for business owners, making it a popular choice.

3. **Delaware**
   - **State Income Tax:** 8.7% (for taxable income above $60,000)
   - **Sales Tax:** 0%
   - **Franchise Tax:** Minimum of $300 (based on the number of authorized shares)
   - **Annual Fees:** $300
   - **Key Observations:** While Delaware has a state income tax, it is still favored for its business-friendly laws and established court system for resolving corporate disputes. The annual franchise tax can be beneficial for larger corporations but may be a drawback for smaller LLCs.

4. **New Hampshire**
   - **State Income Tax:** 5% (on interest and dividends only)
   - **Sales Tax:** 0%
   - **Franchise Tax:** None
   - **Annual Fees:** $100
   - **Key Observations:** New Hampshire does not impose a sales tax or a broad-based income tax, making it an excellent option for LLCs focused on specific types of income.

5. **Montana**
   - **State Income Tax:** 6.75% (maximum)
   - **Sales Tax:** 0%
   - **Franchise Tax:** None
   - **Annual Fees:** $20
   - **Key Observations:** While Montana has a flat income tax rate, it does not charge sales tax. This can be beneficial for LLCs engaged in certain types of business activities.

### Comprehensive Analysis of Tax Rates and Implications

- **State Income Tax:** The absence of a state income tax is a significant factor for LLC owners, as it allows for greater retention of earnings. States like Wyoming, Nevada, and New Hampshire are particularly advantageous in this regard.
  
- **Sales Tax:** States with no sales tax can lead to lower operational costs for LLCs, especially those selling goods. For instance, Montana and New Hampshire do not have sales taxes, which can be a crucial consideration for retail businesses.

- **Franchise Tax:** While some states charge a franchise tax based on income or the number of shares, others like Wyoming and Nevada do not impose this tax. This can reduce the overall cost of maintaining an LLC in those states.

- **Annual Fees:** The annual fees associated with maintaining an LLC are also an essential consideration. States like Montana and New Hampshire have relatively low fees, making them attractive options for small business owners.

- **Asset Protection and Privacy:** States like Wyoming and Nevada provide robust asset protection laws and privacy for LLC owners, which can be an essential factor when choosing a state for formation.

- **Legal Environment:** Delaware's well-established legal framework for businesses can be a deciding factor for larger LLCs or those seeking venture capital, despite its tax rates.

### Conclusion

When selecting a state for LLC formation, business owners should consider a combination of tax rates, annual fees, legal protections, and the overall business environment. States like Wyoming, Nevada, and New Hampshire offer significant tax advantages, making them ideal for LLCs looking to minimize their tax burden while maximizing operational flexibility. Each state's unique offerings can cater to different business needs, so it's essential for entrepreneurs to evaluate their specific circumstances before making a decision.",2024-08-22T21:32:18.630941
0f5a8663-b157-4ebf-b559-b977beefafe6,Financial-Analysis-Agent-spreesheet-swarm:9,Analyze the states with the least taxes for LLCs. Provide an overview of all tax rates and add them with a comprehensive analysis,"When considering the states with the least taxes for Limited Liability Companies (LLCs), it’s important to evaluate various types of taxes that may apply, including income tax, franchise tax, sales tax, and other relevant fees. Below is an overview of states that are generally considered tax-friendly for LLCs, along with a comprehensive analysis of their tax rates:

### States with the Least Taxes for LLCs

#### 1. **Wyoming**
- **State Income Tax:** 0% (no state income tax)
- **Franchise Tax:** None
- **Sales Tax:** 4% (with local options that can increase this up to 6%)
- **Annual Fees:** $50 for annual report

**Analysis:** Wyoming is widely considered one of the best states for LLCs due to its lack of state income tax and minimal fees. The franchise tax is also non-existent, making it financially attractive for businesses. The low sales tax further enhances its appeal.

---

#### 2. **Nevada**
- **State Income Tax:** 0% (no state income tax)
- **Franchise Tax:** None
- **Sales Tax:** 6.85% (varies by locality)
- **Annual Fees:** $150 for business license, $200 for annual list filing

**Analysis:** Nevada also has no state income tax, which is beneficial for LLCs. Although the sales tax is slightly higher than Wyoming, the absence of a franchise tax and the relatively low annual fees make it a favorable option for business owners.

---

#### 3. **Delaware**
- **State Income Tax:** 8.7% (but only on income earned within the state)
- **Franchise Tax:** Minimum of $300 per year (based on the number of shares or assumed par value)
- **Sales Tax:** 0%
- **Annual Fees:** $300 for annual franchise tax

**Analysis:** Delaware is known for its business-friendly laws and court system. While it does have a franchise tax, it is still considered a good option for LLCs, especially those with significant out-of-state income. The lack of sales tax is a significant advantage.

---

#### 4. **South Dakota**
- **State Income Tax:** 0% (no state income tax)
- **Franchise Tax:** None
- **Sales Tax:** 4.5%
- **Annual Fees:** $50 for annual report

**Analysis:** South Dakota is another tax-friendly state for LLCs, with no income or franchise tax and a low sales tax. The annual fees are also very manageable, making it attractive for small businesses.

---

#### 5. **Florida**
- **State Income Tax:** 0% (no personal income tax)
- **Franchise Tax:** None (but a corporate income tax of 5.5% applies to C-Corps)
- **Sales Tax:** 6% (with local options that can increase this)
- **Annual Fees:** $138.75 for annual report

**Analysis:** Florida has no personal income tax, which is beneficial for LLC owners. However, LLCs classified as corporations may be subject to a corporate income tax. The sales tax is moderate, and annual fees are reasonable.

---

#### 6. **Texas**
- **State Income Tax:** 0% (no state income tax)
- **Franchise Tax:** 0.375% for retail and wholesale businesses, 0.75% for others (applies to revenues over $1.18 million)
- **Sales Tax:** 6.25% (local options can increase this)
- **Annual Fees:** $0 for annual report

**Analysis:** Texas offers a favorable tax environment with no state income tax. While there is a franchise tax, it applies only to businesses with revenues exceeding a certain threshold. The overall tax burden remains low, making it an attractive state for LLCs.

---

### Summary of Tax Rates

| State        | State Income Tax | Franchise Tax          | Sales Tax | Annual Fees          |
|--------------|------------------|------------------------|-----------|----------------------|
| Wyoming      | 0%               | None                   | 4%        | $50                  |
| Nevada       | 0%               | None                   | 6.85%     | $150 (business license) |
| Delaware     | 8.7% (in-state)  | Minimum $300           | 0%        | $300                 |
| South Dakota | 0%               | None                   | 4.5%      | $50                  |
| Florida      | 0%               | None (5.5% for C-Corps)| 6%        | $138.75              |
| Texas        | 0%               | 0.375% - 0.75%         | 6.25%     | $0                   |

### Conclusion

When selecting a state for establishing an LLC, business owners should consider not only the tax rates but also the overall business environment, legal protections, and administrative ease. States like Wyoming, Nevada, and South Dakota stand out as particularly low-tax options, while others like Delaware and Texas offer strategic advantages despite slightly higher fees or taxes. Each state provides unique benefits that can align with different business goals and structures.",2024-08-22T21:32:18.630941
