Run ID,Agent Name,Task,Result,Timestamp
2e2ca6b3-4611-41bf-9f90-b7d2b50a1f23,Facebook Marketing Agent,"Promote the SpreadSheet Swarm feature across various social media platforms, emphasizing its capabilities and benefits.","### Facebook Campaign Plan for SpreadSheet Swarm Feature

#### Campaign Objectives:
- Increase awareness of the SpreadSheet Swarm feature.
- Drive engagement through posts and ads.
- Generate leads and conversions by promoting the feature's capabilities.

---

### Engaging Posts

**Post 1: Feature Introduction**
*Visual: Eye-catching graphic showing the SpreadSheet Swarm dashboard with multiple agents.*

**Caption:**  
üöÄ Unleash the power of efficiency with our SpreadSheet Swarm feature! Manage multiple agents all from a single, intuitive dashboard. Say goodbye to chaos and hello to streamlined workflows! üíº‚ú®  
üëâ Learn more: [link to feature page]

---

**Post 2: User Testimonial**
*Visual: Image of a happy user with a quote bubble.*

**Caption:**  
üåü ""With SpreadSheet Swarm, I can oversee all my agents effortlessly! The single dashboard is a game-changer!"" - [User Name]  
Join the revolution in task management today! üí™  
üîó Try it now: [link to feature page]

---

**Post 3: ""Did You Know?"" Series**
*Visual: Infographic highlighting stats about productivity gains.*

**Caption:**  
üìä Did you know? Companies that streamline their workflows can boost productivity by up to 30%! With SpreadSheet Swarm, you can manage multiple agents seamlessly, ensuring you stay ahead of the game!  
üëâ Discover the benefits: [link to feature page]

---

### Targeted Ads

**Ad 1: Benefit Highlight**
*Visual: Animated video showing the dashboard in action.*

**Text:**  
Struggling to manage multiple tasks and agents? Meet the SpreadSheet Swarm feature! üåü  
Manage everything from one dashboard! Click to learn more.  
üîó [link to feature page]

**Target Audience:** Small to medium business owners, project managers, productivity enthusiasts.

---

**Ad 2: Special Offer**
*Visual: Promotional banner with a discount or free trial offer.*

**Text:**  
üîî Limited Time Offer! Try our SpreadSheet Swarm feature FREE for 30 days!  
Experience the ease of managing multiple agents from a single dashboard. Don't miss out!  
üëâ Sign up now: [link to feature page]

**Target Audience:** Startups, freelancers, and teams looking for productivity tools.

---

### Interaction with Followers

- **Daily Engagement:** Respond to comments on posts and ads promptly. Encourage discussions by asking followers how they manage their teams or tasks.
  
- **Polls and Questions:** Use Facebook Stories to create polls asking questions like, ""What‚Äôs your biggest challenge in managing multiple projects?"" This can provide insights and foster engagement.

- **Live Q&A Session:** Schedule a Facebook Live event where you can demonstrate the SpreadSheet Swarm feature and answer questions in real time. Promote this in advance to gather an audience.

---

### Monitoring and Optimization
- Track engagement metrics (likes, shares, comments) on posts and ads.
- Analyze click-through rates and conversion rates from the ads.
- Adjust targeting and content based on performance data and feedback.

By focusing on these strategies, we can effectively promote the SpreadSheet Swarm feature and engage our audience on Facebook. Let‚Äôs get started! üöÄ",2024-09-03T20:19:59.419092
2e2ca6b3-4611-41bf-9f90-b7d2b50a1f23,Twitter Marketing Agent,"Promote the SpreadSheet Swarm feature across various social media platforms, emphasizing its capabilities and benefits.","### Tweet 1:
üöÄ Excited to introduce the #SpreadSheetSwarm feature! üåê Now you can manage multiple agents in parallel, streamlining your workflow like never before. Say goodbye to bottlenecks and hello to efficiency! üí™‚ú® #TechInnovation #Productivity #DataManagement

---

### Tweet 2:
üîç Tired of juggling spreadsheets? The #SpreadSheetSwarm feature allows you to manage multiple agents simultaneously, making data handling a breeze! üêùüíº Dive into a new era of productivity and collaboration. #TechCommunity #DataScience #Efficiency

---

### Tweet 3 (Thread):
üßµ 1/5 Let's talk about the game-changing #SpreadSheetSwarm feature! üåü This tool is designed for those who crave efficiency in data management. Here‚Äôs why you should be excited: üëá

2/5 üîÑ **Parallel Agent Management**: Handle multiple tasks at once! No more waiting for one process to finish before starting another. Your workflow just got a major upgrade! üöÄ #ProductivityHacks

3/5 üìä **Seamless Collaboration**: Work with your team in real-time. Everyone can contribute to the same spreadsheet without stepping on each other's toes. Collaboration made easy! ü§ù #Teamwork

4/5 üîí **Enhanced Data Integrity**: With parallel management, you reduce the risk of errors. Keep your data accurate and reliable, every time! ‚úÖ #DataIntegrity #QualityAssurance

5/5 Ready to transform your spreadsheet experience? Try out the #SpreadSheetSwarm feature today and unleash your productivity potential! üí• #TechForGood #Innovation

---

### Tweet 4:
üí° Did you know? The #SpreadSheetSwarm feature not only boosts productivity but also enhances teamwork! Collaborate seamlessly while managing multiple agents in parallel. Let‚Äôs swarm together for success! üêùüíº #Collaboration #TechTrends

---

### Tweet 5:
üåü Join the conversation! How do you manage your spreadsheets? Have you tried the #SpreadSheetSwarm feature yet? Share your experiences and tips below! üëá #DataManagement #TechCommunity #Innovation

---

### Tweet 6:
üìà Unlock the full potential of your data with the #SpreadSheetSwarm feature! Manage multiple agents in parallel and watch your productivity soar. üöÄ What are you waiting for? Dive in today! #Efficiency #DataDriven #TechInnovation

---

Feel free to adjust the content or hashtags to better fit your audience or specific platform!",2024-09-03T20:19:59.419092
2e2ca6b3-4611-41bf-9f90-b7d2b50a1f23,Instagram Marketing Agent,"Promote the SpreadSheet Swarm feature across various social media platforms, emphasizing its capabilities and benefits.","### Instagram Post Ideas for SpreadSheet Swarm Feature

#### Post 1: Infographic Overview
**Visual:** A colorful infographic that outlines the key features of the SpreadSheet Swarm. Use icons to represent each feature (e.g., collaboration, efficiency, real-time updates).

**Caption:** 
üöÄ **Unleash the Power of Collaboration with SpreadSheet Swarm!** üåü  
Manage multiple agents effortlessly and boost your productivity. Here are the top features that make it a game-changer:  
‚úÖ Real-time collaboration  
‚úÖ Efficient data management  
‚úÖ Easy tracking of changes  
üí° Ready to elevate your workflow? #SpreadSheetSwarm #Productivity #Collaboration

---

#### Post 2: Short Video Tutorial
**Visual:** A 30-second video showcasing how to set up and use the SpreadSheet Swarm feature. Include screen recordings of the interface, highlighting ease of use.

**Caption:** 
üé• **Watch and Learn!**  
Setting up your SpreadSheet Swarm is a breeze! In just a few clicks, you can manage multiple agents and streamline your workflow. Check out our quick tutorial!  
üëâ Link in bio for more tips!  
#SpreadSheetSwarm #Tutorial #Efficiency

---

#### Post 3: User Testimonial Carousel
**Visual:** A carousel post featuring quotes from users who have benefited from the SpreadSheet Swarm feature. Use a clean design with user photos and their testimonials.

**Caption:** 
üåü **Hear from Our Users!**  
Swipe through to see how SpreadSheet Swarm has transformed the way our users manage their teams.  
‚ú® ""It changed how we collaborate!""  
‚ú® ""Our productivity has skyrocketed!""  
Join the swarm and experience it for yourself!  
#UserTestimonials #SpreadSheetSwarm #Teamwork

---

#### Story Ideas

1. **Poll:**
   - **Visual:** A question sticker asking, ""Do you manage multiple agents in your work?""
   - **Follow-up:** Share the benefits of using SpreadSheet Swarm based on responses.

2. **Behind-the-Scenes:**
   - **Visual:** Short clips of the development team discussing the SpreadSheet Swarm feature and its impact.
   - **Caption:** ""Meet the team behind the magic! üíª‚ú®""

3. **Quick Tips:**
   - **Visual:** A series of slides with quick tips on maximizing the use of the SpreadSheet Swarm.
   - **Caption:** ""Maximize your efficiency with these tips! üí°""

4. **Q&A Session:**
   - **Visual:** Use the question sticker to invite followers to ask about the SpreadSheet Swarm.
   - **Follow-up:** Answer questions in subsequent stories.

### Engagement Strategy
- **Comments:** Respond promptly to comments on posts, thanking users for their feedback and answering any questions.
- **Direct Messages:** Engage with followers who DM about the feature, providing personalized responses and additional resources.
- **Hashtags:** Use relevant hashtags to increase visibility, such as #ProductivityTools, #DataManagement, and #TeamCollaboration.

By implementing these strategies, you can effectively promote the SpreadSheet Swarm feature and engage with your audience across Instagram and other social media platforms!",2024-09-03T20:19:59.419092
2e2ca6b3-4611-41bf-9f90-b7d2b50a1f23,LinkedIn Marketing Agent,"Promote the SpreadSheet Swarm feature across various social media platforms, emphasizing its capabilities and benefits.","### LinkedIn Article: Unlocking Business Efficiency with the SpreadSheet Swarm Feature

**Title: Transforming Collaboration: The Business Advantages of the SpreadSheet Swarm Feature**

In today‚Äôs fast-paced business environment, effective collaboration and data management are crucial for success. Enter the SpreadSheet Swarm feature‚Äîa game-changer for teams looking to enhance productivity and streamline workflows. 

#### What is SpreadSheet Swarm?

SpreadSheet Swarm is an innovative tool that allows multiple users to work on a spreadsheet simultaneously, enabling real-time collaboration and data analysis. This feature is designed to break down silos, foster teamwork, and drive efficiency across departments.

#### Key Business Advantages

1. **Enhanced Collaboration**: With SpreadSheet Swarm, team members can contribute their insights and expertise simultaneously, leading to richer data analysis and more informed decision-making. This collaborative approach minimizes the back-and-forth of email exchanges and ensures everyone is on the same page.

2. **Increased Productivity**: By allowing multiple users to edit and analyze data in real-time, businesses can significantly reduce the time spent on projects. Teams can tackle complex tasks more efficiently, leading to faster project completion and quicker time-to-market.

3. **Improved Data Accuracy**: The Swarm feature minimizes the risk of errors that often occur when multiple versions of a spreadsheet are circulated. With everyone working on a single document, data integrity is maintained, and discrepancies are easily identified and resolved.

4. **Flexibility and Accessibility**: In an era where remote work is becoming the norm, SpreadSheet Swarm offers the flexibility teams need. Users can access and collaborate on spreadsheets from anywhere, ensuring that geographical barriers do not hinder productivity.

5. **Scalability**: As businesses grow, so do their data management needs. SpreadSheet Swarm is designed to scale with your organization, accommodating larger teams and more complex projects without compromising performance.

#### Case Study: A Real-World Example

Consider the case of XYZ Corp, a mid-sized marketing agency that struggled with project delays due to inefficient spreadsheet management. After implementing the SpreadSheet Swarm feature, they reported a 40% reduction in project turnaround time. Team members were able to collaborate in real-time, leading to quicker approvals and more agile responses to client needs. The result? Increased client satisfaction and a boost in repeat business.

#### Join the Conversation

As we continue to navigate the complexities of modern business, tools like SpreadSheet Swarm are essential for fostering collaboration and driving efficiency. I invite you to share your experiences with collaborative tools in the comments below. How has your organization benefited from real-time collaboration?

---

### Social Media Promotion

**Post for LinkedIn, Twitter, and Facebook:**

üöÄ **Unlock Your Team's Potential with SpreadSheet Swarm!** üöÄ

Are you ready to revolutionize the way your team collaborates? The SpreadSheet Swarm feature allows multiple users to work on spreadsheets simultaneously, enhancing productivity and ensuring data accuracy. 

üåü **Key Benefits:**
- Real-time collaboration
- Increased productivity
- Improved data accuracy
- Flexibility for remote teams
- Scalable for growing businesses

Join the ranks of successful organizations like XYZ Corp, who reduced project turnaround time by 40% with SpreadSheet Swarm! 

üëâ Learn more about how this feature can transform your business: [Link to website or demo]

#Collaboration #Productivity #DataManagement #BusinessEfficiency #SpreadSheetSwarm

---

### Participation in Industry Groups

Engage with industry groups on LinkedIn and other platforms by sharing insights, answering questions, and discussing the benefits of the SpreadSheet Swarm feature. Here are some ideas for participation:

1. **Discussion Starter**: ""What challenges do you face with spreadsheet collaboration? Let‚Äôs discuss how real-time tools like SpreadSheet Swarm can help!""

2. **Poll**: ""How does your team currently collaborate on spreadsheets? A) Email exchanges B) Shared drives C) Real-time collaboration tools D) Other. Share your thoughts!""

3. **Resource Sharing**: Post links to articles, case studies, and webinars that highlight the advantages of collaborative tools in the workplace.

By actively participating in these groups, you can position yourself as a thought leader in the industry while promoting the SpreadSheet Swarm feature to potential business users. 

---

By leveraging these strategies, you can effectively highlight the business advantages of the SpreadSheet Swarm feature, reaching and engaging potential users across various platforms.",2024-09-03T20:19:59.419092
2e2ca6b3-4611-41bf-9f90-b7d2b50a1f23,YouTube Marketing Agent,"Promote the SpreadSheet Swarm feature across various social media platforms, emphasizing its capabilities and benefits.","### Video Content Plan for YouTube: Explaining the SpreadSheet Swarm Feature

#### Video 1: Introduction to SpreadSheet Swarm
- **Title**: ""Unlocking Productivity: What is SpreadSheet Swarm?""
- **Content**: 
  - Brief overview of the SpreadSheet Swarm feature and its purpose.
  - Explanation of how it allows users to manage multiple agents within spreadsheets.
  - Highlight key benefits: efficiency, collaboration, and real-time updates.
- **Visuals**: Screen captures of the interface, animations showing multiple agents working simultaneously.
- **Call to Action**: Encourage viewers to subscribe for more tutorials.

---

#### Video 2: Getting Started with SpreadSheet Swarm
- **Title**: ""Getting Started with SpreadSheet Swarm: A Step-by-Step Tutorial""
- **Content**: 
  - Step-by-step guide on how to set up and activate the SpreadSheet Swarm feature.
  - Demonstrate creating a new spreadsheet and adding agents.
  - Tips for configuring agent roles and permissions.
- **Visuals**: Live screen recording showing the setup process, with voiceover explanations.
- **Call to Action**: Invite users to share their experiences in the comments.

---

#### Video 3: Advanced Features of SpreadSheet Swarm
- **Title**: ""Maximize Your Efficiency: Advanced Features of SpreadSheet Swarm""
- **Content**: 
  - Deep dive into advanced functionalities, such as real-time collaboration, task assignment, and agent tracking.
  - Showcase scenarios where these features can be particularly useful (e.g., team projects, data analysis).
- **Visuals**: Split-screen demonstrations with multiple agents in action, highlighting different features.
- **Call to Action**: Encourage viewers to try out these features and share their results.

---

#### Video 4: User Testimonials and Success Stories
- **Title**: ""Real Users, Real Results: SpreadSheet Swarm Testimonials""
- **Content**: 
  - Collect testimonials from real users discussing their experiences with SpreadSheet Swarm.
  - Highlight specific success stories and how the feature impacted their productivity.
  - Include before-and-after scenarios to illustrate improvements.
- **Visuals**: User video clips, on-screen quotes, and statistics showcasing productivity gains.
- **Call to Action**: Ask viewers to leave their own testimonials and success stories in the comments.

---

#### Video 5: Common Issues and Troubleshooting with SpreadSheet Swarm
- **Title**: ""Troubleshooting SpreadSheet Swarm: Common Issues & Solutions""
- **Content**: 
  - Address common challenges users may face while using the feature.
  - Provide practical solutions and tips for resolving these issues.
  - Encourage community support in the comments section.
- **Visuals**: Screen captures of common issues, step-by-step troubleshooting guides.
- **Call to Action**: Suggest viewers subscribe for ongoing support and updates.

---

### Social Media Promotion Plan for SpreadSheet Swarm

#### Platform-Specific Strategies:

1. **Twitter**:
   - Share bite-sized tips and tricks about using SpreadSheet Swarm effectively.
   - Post user testimonials with visuals and links to the YouTube videos.
   - Use relevant hashtags (#Productivity, #SpreadsheetSwarm, #Teamwork).

2. **Instagram**:
   - Create visually appealing infographics showcasing the benefits of SpreadSheet Swarm.
   - Share short video clips from YouTube tutorials as reels.
   - Engage with followers through polls and Q&A sessions about their experiences.

3. **LinkedIn**:
   - Write articles discussing the impact of collaborative tools like SpreadSheet Swarm on workplace efficiency.
   - Share user success stories and testimonials to highlight its effectiveness in professional settings.
   - Promote YouTube content as part of a series on productivity tools.

4. **Facebook**:
   - Create a dedicated group for users to share tips and experiences with SpreadSheet Swarm.
   - Regularly post updates, tutorials, and user-generated content.
   - Host live Q&A sessions to address user questions and provide tips.

5. **TikTok**:
   - Create fun, engaging short videos that demonstrate the SpreadSheet Swarm feature in action.
   - Use trending sounds and challenges to increase visibility and engagement.
   - Encourage users to share their own videos using the feature.

### Conclusion
Implementing this content plan will not only educate users about the SpreadSheet Swarm feature but also foster a community of engaged users who can share their experiences and insights. By leveraging various social media platforms, we can amplify our reach and promote the benefits of this powerful tool effectively.",2024-09-03T20:19:59.419092
2e2ca6b3-4611-41bf-9f90-b7d2b50a1f23,Reddit Marketing Agent,"Promote the SpreadSheet Swarm feature across various social media platforms, emphasizing its capabilities and benefits.","Sure! Here‚Äôs a plan to engage with relevant subreddits and promote the SpreadSheet Swarm feature effectively across social media platforms:

### Engaging with Subreddits

1. **Identify Relevant Subreddits**:
   - r/Productivity
   - r/technology
   - r/Excel
   - r/DataIsBeautiful
   - r/Coding
   - r/Entrepreneur

2. **Craft Informative Posts**:
   - **Post Title**: ""Revolutionize Your Workflow with SpreadSheet Swarm!""
   - **Body**: 
     - Briefly introduce what SpreadSheet Swarm is.
     - Highlight key features such as collaborative editing, real-time updates, and integration with other tools.
     - Share real-life scenarios where this feature can enhance productivity.
     - Invite users to share their experiences with similar tools or ask questions about SpreadSheet Swarm.

3. **Engage with the Community**:
   - Respond to comments and questions promptly.
   - Share tips and tricks for maximizing productivity using spreadsheets.
   - Create polls or discussions around common spreadsheet challenges and how SpreadSheet Swarm can address them.

4. **Share Success Stories**:
   - Post about how businesses or individuals have improved their workflow using SpreadSheet Swarm.
   - Encourage users to share their success stories or challenges they faced before using the tool.

### Promoting on Social Media

1. **Create Eye-Catching Graphics**:
   - Design visuals that illustrate the features of SpreadSheet Swarm.
   - Use infographics to show how it can improve productivity and collaboration.

2. **Write Engaging Posts**:
   - **Post Example**: ""Unlock the Power of Collaboration with SpreadSheet Swarm! üêù‚ú® Whether you're working with a team or managing personal projects, our new feature allows for seamless editing and sharing. Check it out! [Link to the feature]""
   - Use hashtags like #Productivity, #TechTools, #Collaboration, #Spreadsheet.

3. **Utilize Video Content**:
   - Create short video tutorials demonstrating how to use SpreadSheet Swarm effectively.
   - Share user testimonials or case studies in video format.

4. **Run a Giveaway or Contest**:
   - Encourage users to share their favorite spreadsheet hacks or how they‚Äôd use SpreadSheet Swarm. Offer a prize related to productivity tools (e.g., premium subscriptions, gift cards).

5. **Collaborate with Influencers**:
   - Partner with tech and productivity influencers to review and promote SpreadSheet Swarm on their channels.

6. **Engage with Your Audience**:
   - Create polls or Q&A sessions to gather feedback on what features users want to see next.
   - Regularly post updates about new features, tips, and tricks related to using SpreadSheet Swarm.

By engaging with the Reddit communities and leveraging social media, you can effectively build awareness and interest in the SpreadSheet Swarm feature, encouraging more users to explore its benefits.",2024-09-03T20:19:59.419092
2e2ca6b3-4611-41bf-9f90-b7d2b50a1f23,Pinterest Marketing Agent,"Promote the SpreadSheet Swarm feature across various social media platforms, emphasizing its capabilities and benefits.","### Infographic Ideas for SpreadSheet Swarm Feature

#### Infographic 1: **What is SpreadSheet Swarm?**
- **Title:** Unlock the Power of Collaboration with SpreadSheet Swarm!
- **Sections:**
  - **Definition:** Briefly explain what SpreadSheet Swarm is.
  - **Visuals:** Use icons to represent collaboration, efficiency, and real-time updates.
  - **Key Features:** 
    - Real-time collaboration
    - Easy sharing
    - Version control
    - Integration with other tools

#### Infographic 2: **Benefits of Using SpreadSheet Swarm**
- **Title:** 5 Reasons to Love SpreadSheet Swarm
- **Sections:**
  - **1. Enhanced Collaboration:** Show how multiple users can work simultaneously.
  - **2. Increased Productivity:** Visualize time saved with real-time updates.
  - **3. Improved Accuracy:** Highlight automatic version tracking and error reduction.
  - **4. Seamless Integration:** Illustrate compatibility with other software.
  - **5. User-Friendly Interface:** Showcase the easy-to-navigate layout.

#### Infographic 3: **Step-by-Step Guide to Getting Started with SpreadSheet Swarm**
- **Title:** Start Your Swarm: A Quick Guide
- **Steps:**
  - **Step 1:** Sign Up / Log In
    - Visual: Screenshot of the login page.
  - **Step 2:** Create a New Spreadsheet
    - Visual: Icon of a spreadsheet with a plus sign.
  - **Step 3:** Invite Team Members
    - Visual: Illustration of sending invites via email.
  - **Step 4:** Collaborate in Real-Time
    - Visual: Multiple cursors on a spreadsheet.
  - **Step 5:** Share and Export Your Work
    - Visual: Icons for sharing options (email, download, etc.).

### Social Media Promotion Strategy

#### Platform-Specific Posts
- **Twitter:**
  - Short, engaging tweets with stats about collaboration and productivity gains.
  - Use relevant hashtags like #Collaboration #TechSolutions #SpreadSheetSwarm.
  
- **LinkedIn:**
  - Share a detailed post about the benefits of SpreadSheet Swarm for businesses.
  - Include the infographic on benefits and a link to a demo video.

- **Instagram:**
  - Create visually appealing stories using snippets from the infographics.
  - Use carousel posts to highlight each benefit with a corresponding visual.

- **Facebook:**
  - Post a video tutorial showcasing how to use SpreadSheet Swarm.
  - Encourage users to share their experiences with a call-to-action.

#### Engagement Strategies
- **Polls and Questions:** Ask followers how they collaborate on spreadsheets and what features they value most.
- **User Testimonials:** Share quotes and experiences from users who have benefited from SpreadSheet Swarm.
- **Webinars:** Host live sessions demonstrating the features and benefits, allowing users to ask questions in real-time.

### Call to Action
- Encourage users to try SpreadSheet Swarm today and experience the future of collaborative work! Include links to sign up, demo videos, and customer testimonials to build trust and drive engagement. 

By combining informative infographics with engaging social media content, you can effectively promote the SpreadSheet Swarm feature and attract tech-savvy users interested in innovative solutions.",2024-09-03T20:19:59.419092
2e2ca6b3-4611-41bf-9f90-b7d2b50a1f23,TikTok Marketing Agent,"Promote the SpreadSheet Swarm feature across various social media platforms, emphasizing its capabilities and benefits.","### TikTok Video Ideas for Promoting the SpreadSheet Swarm Feature

---

**Video Idea 1: ""The Spreadsheet Showdown""**

**Concept:** A fun, competitive challenge where two teams race to complete a project using traditional spreadsheets vs. SpreadSheet Swarm.

**Script:**
- **[Opening Scene]**: Split screen of two teams. One team is struggling with a messy spreadsheet, while the other team is using SpreadSheet Swarm.
- **[Voiceover]**: ‚ÄúWho will finish first? The old way or the new way?‚Äù
- **[Cut to Team 1]**: Frantically typing, scrolling, and making mistakes. 
- **[Cut to Team 2]**: Smoothly collaborating in real-time, showcasing features like live updates and easy sharing.
- **[Closing Scene]**: Team 2 finishes first, celebrating. 
- **[Text Overlay]**: ‚ÄúWhy struggle? Join the Swarm! üêù‚ú® #SpreadSheetSwarm #TeamWork‚Äù

---

**Video Idea 2: ""A Day in the Life with SpreadSheet Swarm""**

**Concept:** A relatable day-in-the-life video showing how SpreadSheet Swarm makes work easier.

**Script:**
- **[Opening Scene]**: A person waking up, checking their emails, and seeing a chaotic spreadsheet.
- **[Voiceover]**: ‚ÄúEver feel overwhelmed by spreadsheets? Let‚Äôs change that!‚Äù
- **[Montage of Scenes]**: 
  - Morning coffee while using SpreadSheet Swarm on a laptop.
  - Collaborating with colleagues on a video call, editing the same spreadsheet.
  - Getting instant notifications of updates on their phone.
- **[Closing Scene]**: Relaxing at the end of the day, saying, ‚ÄúThanks to SpreadSheet Swarm, I can finally breathe!‚Äù
- **[Text Overlay]**: ‚ÄúMake your work life easier! #SpreadSheetSwarm #WorkSmart‚Äù

---

**Video Idea 3: ""Before and After: The SpreadSheet Swarm Transformation""**

**Concept:** A dramatic transformation showcasing the difference between traditional spreadsheets and SpreadSheet Swarm.

**Script:**
- **[Opening Scene]**: Dark, cluttered office with a person looking stressed at a messy spreadsheet.
- **[Voiceover]**: ‚ÄúBefore SpreadSheet Swarm‚Ä¶‚Äù
- **[Cut to]**: The person sighs, surrounded by papers and confusion.
- **[Transition Scene]**: A magical transformation with sparkles.
- **[Cut to]**: Bright, organized workspace with the same person smiling, using SpreadSheet Swarm.
- **[Voiceover]**: ‚ÄúAfter SpreadSheet Swarm, everything is organized, and collaboration is a breeze!‚Äù
- **[Text Overlay]**: ‚ÄúTransform your workflow! #SpreadSheetSwarm #Productivity‚Äù

---

**Video Idea 4: ""SpreadSheet Swarm Hacks""**

**Concept:** Quick tips and hacks on how to maximize the use of SpreadSheet Swarm.

**Script:**
- **[Opening Scene]**: Energetic music with a person excitedly introducing the hacks.
- **[Voiceover]**: ‚ÄúWant to be a spreadsheet pro? Here are 3 hacks using SpreadSheet Swarm!‚Äù
- **[Tip 1]**: ‚ÄúUse real-time collaboration to get instant feedback!‚Äù (Show a split screen of two users editing simultaneously.)
- **[Tip 2]**: ‚ÄúOrganize your data with tags for easy searching!‚Äù (Show how to tag items.)
- **[Tip 3]**: ‚ÄúSet alerts for updates so you never miss a thing!‚Äù (Show a notification popping up.)
- **[Closing Scene]**: ‚ÄúTry these hacks and watch your productivity soar! #SpreadSheetSwarm #LifeHacks‚Äù

---

### General Tips for TikTok Videos:
- **Use Trending Sounds**: Incorporate popular music or sounds to increase engagement.
- **Keep it Short**: Aim for 15-30 seconds to maintain viewer attention.
- **Add Captions**: Ensure accessibility and cater to viewers watching without sound.
- **Engage with Questions**: Encourage viewers to comment with their spreadsheet struggles or tips.

By using these creative storytelling techniques and trends, you can effectively highlight the benefits of the SpreadSheet Swarm feature while capturing the audience's attention on TikTok!",2024-09-03T20:19:59.419092
2e2ca6b3-4611-41bf-9f90-b7d2b50a1f23,Snapchat Marketing Agent,"Promote the SpreadSheet Swarm feature across various social media platforms, emphasizing its capabilities and benefits.","### Snapchat Campaign for SpreadSheet Swarm Feature

#### Overview
The Snapchat campaign will leverage interactive elements like filters, lenses, and stories to engage users, showcasing the unique capabilities of the SpreadSheet Swarm feature. This approach will create excitement and encourage sharing among users, driving awareness and encouraging them to use the new feature.

---

### 1. **Interactive Filters and Lenses**

**A. Swarm Visualization Lens**
- **Description**: Users can activate a lens that overlays a fun, animated ""swarm"" of colorful data points around them, representing the power of collaborative spreadsheets.
- **Interaction**: Users can move their device to see the data swarm rotate around them, creating a 3D effect that simulates real-time collaboration. They can tap the screen to change the data points into fun emojis or icons representing different data types (e.g., charts, graphs, icons).
- **Call to Action**: ""Join the SpreadSheet Swarm! Swipe up to learn how!""

**B. Spreadsheet Filter**
- **Description**: A filter that overlays a spreadsheet-style grid over the user's environment, filling their background with data cells and formulas.
- **Interaction**: Components of the filter can be clicked on, making them 'editable' or 'colorful', emphasizing the customization aspect of the feature.
- **Call to Action**: ‚ÄúReady to collaborate? Create with your squad!‚Äù

---

### 2. **Engaging Stories**

**A. Behind-the-Scenes Story**
- **Content**: A series of short clips featuring the development team talking about the inspiration and functionality of SpreadSheet Swarm. Animated graphics show how users can work together on spreadsheets seamlessly.
- **Engagement**: Use polls and questions like ‚ÄúHave you ever wished to collaborate live on a spreadsheet?‚Äù to encourage audience interaction.
- **Duration**: 24-hour window to create urgency.

**B. User Challenge Story**
- **Content**: Encourage users to share their own spreadsheets and how they would use SpreadSheet Swarm. Invite them to submit videos of their most creative or unusual spreadsheets with the hashtag #SwarmChallenge.
- **Engagement**: Feature user submissions in a follow-up story, showcasing the creative ways people utilize the feature. Offer rewards for the most creative entries (e.g., gift cards, free premium features).
- **Use Case Examples**: Show quick clips of different people using the feature for work, school projects, and collaborative brainstorming.

---

### 3. **Snap Ads**

**A. Catchy Ad Clips**
- **Content**: Short, dynamic ads featuring users engaging with the SpreadSheet Swarm feature. Use vibrant visuals of the swarm and the spreadsheet interface in action.
- **Message**: ‚ÄúWhy work alone? Join the SpreadSheet Swarm and collaborate like never before! Tap to get started!‚Äù
- **Frequency**: Consider running these ads multiple times during peak hours to capture a wider audience.

---

### 4. **Exclusive Live Demo via Snap Map**

**A. Live Demo Event**
- **Description**: A live event on Snapchat showcasing the SpreadSheet Swarm capabilities, where users can join, learn, and interact in real-time.
- **Engagement**: Allow users to ask questions and see live demonstrations of how to use the feature. Incorporate game-like elements, such as quizzes and rewards for participation.
- **Location Tag**: Use Snap Map to create a visual representation of users joining from different locations, showcasing the global reach of the Swarm feature.

---

### 5. **Post-Campaign Engagement**

**A. Follow-Up Stories**
- **Content**: Share statistics from the campaign, like the number of collaborations that occurred using SpreadSheet Swarm, and real user testimonials.
- **Engagement**: Encourage continued use with tips and tricks for maximizing productivity with the feature. Use inspiring quotes from users about their favorite collaboration moments.

### Conclusion

By leveraging interactive filters, engaging stories, and a community-driven approach, the Snapchat campaign for the SpreadSheet Swarm feature will not only promote its functionality but also create a vibrant community of users eager to collaborate and share their experiences.",2024-09-03T20:19:59.419092
2e2ca6b3-4611-41bf-9f90-b7d2b50a1f23,Quora Marketing Agent,"Promote the SpreadSheet Swarm feature across various social media platforms, emphasizing its capabilities and benefits.","### Answer on Quora about the SpreadSheet Swarm Feature

**Question:** What is the SpreadSheet Swarm feature and how can it enhance productivity in collaborative work?

**Answer:**

The SpreadSheet Swarm feature is an innovative tool designed to enhance collaboration and productivity when working with spreadsheets. It allows multiple users to interact with a spreadsheet simultaneously, enabling real-time data entry, editing, and analysis. This feature is particularly beneficial for teams that need to work together on complex data sets or reports, as it minimizes the delay often associated with traditional spreadsheet software where only one user can edit at a time.

#### Key Benefits of the SpreadSheet Swarm Feature:

1. **Real-Time Collaboration:** Multiple team members can work on the same spreadsheet at the same time. Changes made by one user are instantly visible to others, which helps maintain a smooth workflow and reduces the chances of version conflicts.

2. **Enhanced Communication:** Integrated chat and comment functionalities allow users to discuss specific data points or formulas directly within the spreadsheet. This keeps all relevant conversations in context, making it easier to track decisions and feedback.

3. **Version Control:** The SpreadSheet Swarm feature often includes built-in version history, allowing users to view and revert to previous versions of the document if needed. This is crucial for maintaining data integrity and accountability.

4. **Task Assignment:** Users can assign tasks related to specific cells or ranges within the spreadsheet, ensuring that everyone knows their responsibilities and deadlines.

5. **Customizable Views:** Different team members can customize their view of the spreadsheet, focusing on the data that is most relevant to their tasks without altering the main view for others.

6. **Integration with Other Tools:** The feature often integrates seamlessly with other productivity tools, such as project management software or data visualization tools. This interoperability can streamline workflows and enhance overall productivity.

For more detailed information about the SpreadSheet Swarm feature, including its technical specifications and user guides, you can refer to the official documentation [here](#).

In summary, the SpreadSheet Swarm feature is a powerful addition to any team‚Äôs toolkit, especially for those who rely heavily on data analysis and collaborative projects. By leveraging its capabilities, teams can significantly improve their efficiency and effectiveness in managing spreadsheet-based tasks.

---

### Promotion on Social Media for SpreadSheet Swarm Feature

üöÄ **Unleash the Power of Collaboration with SpreadSheet Swarm!** üöÄ

Are you tired of the limitations of traditional spreadsheets? Say hello to **SpreadSheet Swarm**, the ultimate solution for real-time collaboration! 

‚ú® **Key Features:**
- **Collaborate in Real-Time:** Work together with your team, no more waiting for others to finish!
- **Integrated Communication:** Discuss data points and strategies right within the spreadsheet.
- **Version Control:** Never lose your work with built-in version history.
- **Task Management:** Assign tasks and keep everyone on track effortlessly.
- **Custom Views:** Tailor your spreadsheet experience to fit your needs.

Transform your productivity and teamwork with **SpreadSheet Swarm** today! üìä‚ú®

üëâ Learn more about how it can elevate your projects: [Link to Documentation](#)

#Productivity #Collaboration #TechTools #SpreadSheetSwarm #Teamwork #DataManagement",2024-09-03T20:19:59.419092
